size,total_time
128b,0.8880350589752197
512b,0.9124898910522461
2k,0.8731200695037842
8k,0.8821666240692139
32k,0.9995701313018799