size(kb),total_time
0.125,0.8880350589752197
0.5,0.9124898910522461
2,0.8731200695037842
8,0.8821666240692139
32,0.9995701313018799